Typ,Nummer,Titel,URL,Beschreibung
Hauptvideo,1,PONY im ALTENHEIM!,https://www.youtube.com/watch?v=ji50Y0JvOOE&pp=ygUGUGZlcmRl,"Letzte Chance!â­ï¸ (werbung)
Am 05. Januar fÃ¼hren Lisa, Matthes, Tom und ich noch ein letztes mal unsere Show ""Mein Ponytraum"" auf. Dieses mal in Verden um 16 Uhr in der Niedersachsenhalle.ğŸ˜ Sei dabei und sicher dir dein Ticket: https://www.ticketmaster.de/event/mei...  â€¦
...mehr"
Empfehlung,1.1,Katastrophe ist da: Darum dreht sich 2025 TODESSPIRALE fÃ¼r Deutschland schneller // Horst LÃ¼ning,https://www.youtube.com/watch?v=TohQAYbEINs,
Empfehlung,1.2,Kutsche fahren ğŸ´,https://www.youtube.com/watch?v=JDo73OqoEOQ,
Empfehlung,1.3,Ein Tag ALLES WEIHNACHTEN (oder alles in rotğŸ˜‚),https://www.youtube.com/watch?v=PQ-IE5Fy4Ts,
Empfehlung,1.4,SHOPPING HAUL fÃ¼r meinen neuen WELPEN! Was haben wir alles GEKAUFT?!ğŸ˜¨ğŸ˜¨ğŸ˜¨,https://www.youtube.com/watch?v=4Qa-BmDW1GE,
Empfehlung,1.5,Ich bekomme ein PFERD GESCHENKT!!ğŸ˜¯,https://www.youtube.com/watch?v=NgrF1_YD1zo,
Hauptvideo,2,Katastrophe ist da: Darum dreht sich 2025 TODESSPIRALE fÃ¼r Deutschland schneller // Horst LÃ¼ning,https://www.youtube.com/watch?v=TohQAYbEINs,"Unser Weihnachts-Sale bei BEATING BETA zum Aktionspreis und mit ROAST MY DEPOT (verlÃ¤ngert bis zum 26.12.): https://beating-beta.de/jetzt-mitglie...
 â€¦
...mehr"
Empfehlung,2.1,BÃ¤ren warnen: â€œNur noch Zocker kaufen!â€ â€“ grÃ¶ÃŸte Risiken fÃ¼r 2025 + so baue ich Cash auf // BRIEFING,https://www.youtube.com/watch?v=QFYgA58Vt_I,
Empfehlung,2.2,Weihnachtsmarkt und False-Flag-Angriffe: Die RationalitÃ¤t der TÃ¤uschung | Prof. Dr. Christian Rieck,https://www.youtube.com/watch?v=dPWb78E87QA,
Empfehlung,2.3,JahresrÃ¼ckblick 2024 | Alternative Gedanken und GefÃ¼hle | Empfehlungen 2025,https://www.youtube.com/watch?v=sm9dxTlJwzY,
Empfehlung,2.4,ğŸ“‰ Philip Hopf deckt auf: 2025 wird dich direkt betreffen â€“ Was du JETZT tun musst! ğŸ”¥,https://www.youtube.com/watch?v=yek4XgNcba0,
Empfehlung,2.5,MillionÃ¤r Horst LÃ¼ning zeigt Depot: So rÃ¼stet er sich fÃ¼r den BÃ¤renmarkt // ROAST MY DEPOT,https://www.youtube.com/watch?v=R72pl6ZtovA,
Hauptvideo,3,BÃ¤ren warnen: â€œNur noch Zocker kaufen!â€ â€“ grÃ¶ÃŸte Risiken fÃ¼r 2025 + so baue ich Cash auf // BRIEFING,https://www.youtube.com/watch?v=QFYgA58Vt_I,"HIER gibt's den Mega-Deal bei unserem Partner NordVPN: https://nordvpn.com/mariolochner

Mein brandneues E-Book ""10 ETF-Denkfehler, die dich ARM machen"" hier GRATIS downloaden: https://lp.beating-beta.de/etf_de â€¦
...mehr"
