Video-Typ,Nummer,Titel,URL
Hauptvideo,,Lustige Geschichten mit Spielzeug für Kinder - Videos von Vlad und Niki,https://www.youtube.com/watch?v=-dYFcH6d6WQ&pp=ygUMS2luZGVydmlkZW9z
Empfehlung,2,Löschmeister ⭐ Feuerwehr im Einsatz  [ Kindervideos | Kinderfilme ] #telekids,
Empfehlung,3,Kindervideo auf Deutsch. Smarta und Spotty gehen ins Schwimmbad. Zeichentrickfilm.,
Empfehlung,4,Bonna und die bunten Rutschen - Kindervideo - deutsch,
Empfehlung,5,Vorsicht! - Lauf nicht auf die Straße! | Sicher spielen  | Little Angel Deutsch,
Empfehlung,6,Monster In das Dunkel | Halloween Lied | Reimt sich | Kinder Videos,
Empfehlung,7,Spielspaß mit Peppa Wutz und Nicole. Spielzeug Videos für Kinder. Wir spielen und lernen,
Empfehlung,8,Spielspaß mit Barbie und L.O.L. Puppen - 4 Kindervideos mit Ayça,
Empfehlung,9,Mit der Feuerwehr im Einsatz  [ Kindervideos | Kinderfilme ] #telekids,
Empfehlung,10,Doktor Spiele mit Bianca. Kinder Videos. 2 Folgen am Stück | Ich heiße Bianca,
Empfehlung,11,Vlad und Niki haben Spaß mit Spielzeugautos - Lustige Videos für Kinder,
